Username,Rating,Posted At,Product Categories,Review Text,Shop's response,Likes,Page
h*****a,5,2021-10-26 10:34,,"Hàng giao đúng như trong mô tả, đóng gói đẹp, chất lượng. Hình ảnh mang tính minh họa.",N/A,0,1
ngocshina,5,2022-04-26 16:29,,Chưa dùng nên chưa biết hiệu quả. Giao hàng nhanh. Đóng gói tương đối kỹ. Hàng còn nguyên vẹn ko đổ bể.,N/A,0,1
t*****9,5,2022-02-16 21:19,,"Sản phẩm giao hàng rất nhanh, chất lượng tốt cảm ơn shop, lần sau sẽ ủng hộ tiếp",N/A,0,1
hong_minh79,5,2023-02-14 22:21,,"Công dụng: giải rượu
Mình đã mua lần 2. Uống rượu hôm trước dùng sản phẩm hôm sau rất tỉnh táo, thoải mái. Mọi người nên dùng. Đóng gói chắc chắn nhưng ko thoải mái khi shop đóng gói bằng hộp nước giặt. Mở hộp toàn mùi nước giặt thực sự rất khó chịu. Mong shop sẽ ko làm như vậy lần sau.","Rohto Mentholatum Việt Nam xin chào bạn, Rohto rất vui khi bạn đã tin dùng sản phẩm và dịch vụ của Rohto Mentholatum Việt Nam. Mong sớm gặp lại bạn trong đơn hàng tiếp theo nhé ạ ..
",0,1
trangtranggggg144,5,2021-10-22 09:32,,"Hàng ok, đóng gói cẩm thận k bị vỡ. Chất lượng thì chưa sd nên chưa biết Hàng ok, đóng gói cẩm thận k bị vỡ. Chất lượng thì chưa sd nên chưa biết bikskakaakajaj jsjak haja jiaai kaiak kaiao oieie kéoks nanqbna kakakak hdbdbfb snja íis kqkq kdjdj bdbxbo nsjaj ưiuw dbbd owi đựu ksksksk ksksk kskskksvd",N/A,0,1
thanhluan8688,5,2022-05-04 20:22,,"Đã mua lần 2, công dụng giải rượu rất tốt
Sẽ tiếp tục ủng hộ shop , mong shop sẽ giảm giá nhiều hơn nữa",N/A,0,1
getcaimat,5,2023-04-03 20:17,,"Đối tượng sử dụng: người lớn
Công dụng: giải rượu
Nên mua e này nha, tốt cực ý, rượu bia là phải có e nó, ox mình chỉ sài loại này, vừa giải rượu vừa bv dạ dày",N/A,0,2
anhtuyet91_khoai.tay,5,2023-03-21 14:08,,"Đối tượng sử dụng: loc gan
Công dụng: giảm say nguội hiệu quả
Mua uống thấy hiệu quả nên quyết định mua tiếp để sử dụng. Mua trúng đợt KM 13 chai mà tính ra chưa tới 20k/chai, nay mua gần 32k/chai. sót ghê 😹","Rohto Mentholatum Việt Nam xin chào bạn, Rohto rất vui khi bạn hài lòng với sản phẩm và dịch vụ của Rohto Mentholatum Việt Nam. Mong sớm gặp lại bạn trong đơn hàng tiếp theo nhé ❤️",0,2
h*****3,5,2023-03-13 10:08,,"Giao hàng thần tốc. Đặt t7, sáng t2 đã nhận được rồi. Date tháng 12/2024. Ảnh mang tc minh hoạ","Rohto Mentholatum Việt Nam xin chào bạn, Rohto rất vui khi bạn hài lòng với sản phẩm và dịch vụ của Rohto Mentholatum Việt Nam. Mong sớm gặp lại bạn trong đơn hàng tiếp theo nhé ❤️",0,2
vothihonglyntpt,5,2023-02-28 12:58,,Cái hộp đựng trang sức nó xinh xỉu luôn ak. Màu hường phấn mới chịu. Đợt này cảm thấy giá hời,"Rohto Mentholatum Việt Nam xin chào bạn, Rohto rất vui khi bạn hài lòng với sản phẩm và dịch vụ của Rohto Mentholatum Việt Nam. Mong sớm gặp lại bạn trong đơn hàng tiếp theo ạ. Mong bạn sẽ luôn ủng hộ Rohto nhé..
",0,2
t*****1,5,2023-02-23 08:55,,Mua đc tặng cái hộp cũng đẹp nói chung ok! Nhận xu nên ko chụp nhiều!,"Rohto Mentholatum Viet Nam xin chào bạn, Rohto rất vui khi bạn hài lòng với sản phẩm và dịch vụ của Rohto Mentholatum Viet Nam. Mong sớm gặp lại bạn trong đơn hàng tiếp theo ạ. Mong bạn sẽ luôn ủng hộ Rohto nhé..
",0,2
quynhngan501,5,2023-02-21 12:30,,"Chất lượng sản phẩm tốt, kèm quà tặng dễ thương. Tuy nhiên giao hàng hơi lâu","Rohto Mentholatum Viet Nam xin chào bạn, Rohto rất vui khi bạn hài lòng với sản phẩm và dịch vụ của Rohto Mentholatum Viet Nam. Mong sớm gặp lại bạn trong đơn hàng tiếp theo ạ. Mong bạn sẽ luôn ủng hộ Rohto nhé..
",0,2
getcaimat,5,2023-04-03 20:17,,"Đối tượng sử dụng: người lớn
Công dụng: giải rượu
Nên mua e này nha, tốt cực ý, rượu bia là phải có e nó, ox mình chỉ sài loại này, vừa giải rượu vừa bv dạ dày",N/A,0,3
anhtuyet91_khoai.tay,5,2023-03-21 14:08,,"Đối tượng sử dụng: loc gan
Công dụng: giảm say nguội hiệu quả
Mua uống thấy hiệu quả nên quyết định mua tiếp để sử dụng. Mua trúng đợt KM 13 chai mà tính ra chưa tới 20k/chai, nay mua gần 32k/chai. sót ghê 😹","Rohto Mentholatum Việt Nam xin chào bạn, Rohto rất vui khi bạn hài lòng với sản phẩm và dịch vụ của Rohto Mentholatum Việt Nam. Mong sớm gặp lại bạn trong đơn hàng tiếp theo nhé ❤️",0,3
h*****3,5,2023-03-13 10:08,,"Giao hàng thần tốc. Đặt t7, sáng t2 đã nhận được rồi. Date tháng 12/2024. Ảnh mang tc minh hoạ","Rohto Mentholatum Việt Nam xin chào bạn, Rohto rất vui khi bạn hài lòng với sản phẩm và dịch vụ của Rohto Mentholatum Việt Nam. Mong sớm gặp lại bạn trong đơn hàng tiếp theo nhé ❤️",0,3
vothihonglyntpt,5,2023-02-28 12:58,,Cái hộp đựng trang sức nó xinh xỉu luôn ak. Màu hường phấn mới chịu. Đợt này cảm thấy giá hời,"Rohto Mentholatum Việt Nam xin chào bạn, Rohto rất vui khi bạn hài lòng với sản phẩm và dịch vụ của Rohto Mentholatum Việt Nam. Mong sớm gặp lại bạn trong đơn hàng tiếp theo ạ. Mong bạn sẽ luôn ủng hộ Rohto nhé..
",0,3
t*****1,5,2023-02-23 08:55,,Mua đc tặng cái hộp cũng đẹp nói chung ok! Nhận xu nên ko chụp nhiều!,"Rohto Mentholatum Viet Nam xin chào bạn, Rohto rất vui khi bạn hài lòng với sản phẩm và dịch vụ của Rohto Mentholatum Viet Nam. Mong sớm gặp lại bạn trong đơn hàng tiếp theo ạ. Mong bạn sẽ luôn ủng hộ Rohto nhé..
",0,3
quynhngan501,5,2023-02-21 12:30,,"Chất lượng sản phẩm tốt, kèm quà tặng dễ thương. Tuy nhiên giao hàng hơi lâu","Rohto Mentholatum Viet Nam xin chào bạn, Rohto rất vui khi bạn hài lòng với sản phẩm và dịch vụ của Rohto Mentholatum Viet Nam. Mong sớm gặp lại bạn trong đơn hàng tiếp theo ạ. Mong bạn sẽ luôn ủng hộ Rohto nhé..
",0,3
psk.pikapu,5,2021-10-21 22:18,,Mall có tiến bộ khi gói hàng. Lần này mình thấy gói kĩ hơn nhiều. Giao hàng cũng nhanh!,N/A,0,4
t*****0,5,2021-10-27 08:00,,Giao hàng siêu nhanh. Làm 1 chai thì đi uống rượu vô đối. Ảnh và video để nhận xu,N/A,0,4
tranbinh080590,5,2021-10-14 11:39,,Gói hàng siêu cẩn thận. Chưa dùng nhưng chắc chất lượng ổn thôi. 5 sao,N/A,0,4
michoupham,5,2021-12-02 12:18,,"Hàng giao đúng order, đóng gói chắc chắn, hộp nguyên vẹn rất ok.",N/A,0,4
s*****8,5,2021-11-26 10:48,,"Giao hàng siêu nhanh, vị dễ uống, tuy nhiên k hiểu sao mình uống trước khi uống rượu mà lại thấy đầu hơi quay quay",N/A,0,4
t*****2,5,2021-11-20 15:06,,"San pham dễ uống, có tác dụng , theo dõi và đánh giá tiếp lần sau.",N/A,0,4
psk.pikapu,5,2021-10-21 22:18,,Mall có tiến bộ khi gói hàng. Lần này mình thấy gói kĩ hơn nhiều. Giao hàng cũng nhanh!,N/A,0,5
t*****0,5,2021-10-27 08:00,,Giao hàng siêu nhanh. Làm 1 chai thì đi uống rượu vô đối. Ảnh và video để nhận xu,N/A,0,5
tranbinh080590,5,2021-10-14 11:39,,Gói hàng siêu cẩn thận. Chưa dùng nhưng chắc chất lượng ổn thôi. 5 sao,N/A,0,5
michoupham,5,2021-12-02 12:18,,"Hàng giao đúng order, đóng gói chắc chắn, hộp nguyên vẹn rất ok.",N/A,0,5
s*****8,5,2021-11-26 10:48,,"Giao hàng siêu nhanh, vị dễ uống, tuy nhiên k hiểu sao mình uống trước khi uống rượu mà lại thấy đầu hơi quay quay",N/A,0,5
t*****2,5,2021-11-20 15:06,,"San pham dễ uống, có tác dụng , theo dõi và đánh giá tiếp lần sau.",N/A,0,5
psk.pikapu,5,2021-10-21 22:22,,Mall có tiến bộ khi gói hàng. Lần này mình thấy gói kĩ hơn nhiều. Giao hàng cũng nhanh!,N/A,0,6
sonnh1412,5,2022-04-01 19:10,,Đóng gói cẩn thận và giao hàng nhanh chóng. Đã mua một lần thấy cũng hiệu quả nên mua tiếp,N/A,1,6
mrmrabcdzl,5,2021-10-22 17:56,,"Đúng là Shopee Mall , đặt hàng 2 ngày đã có, đóng gói kĩ lưỡng chống sốc các kiểu con đà điểu , Sản phẩm uống khá giống tăng lực không đường pha 1 chút mùi kiểu nhân sâm linh chi, nói chung là dễ uống còn có giảm chịu chứng khó chịu khi sử dụng Pi.a r.ụ thì mình sẽ test sau .... ⭐⭐⭐⭐⭐",N/A,0,6
wiseman2006,5,2022-07-20 20:43,,"Shop chuẩn bị hàng nhanh, bao bì cẩn thận. Nước uống giải rượu mùi thơm giống redbull do có taurin. Về công dụng thì để chủ nhật này mới biết.","Rohto Mentholatum Viet Nam xin chào bạn, Rohto rất vui khi bạn hài lòng với sản phẩm và dịch vụ của Rohto Mentholatum Viet Nam. Mong sớm gặp lại bạn trong đơn hàng tiếp theo ạ. Mong bạn sẽ luôn ủng hộ Rohto nhé..
",0,6
janditran,5,2021-10-22 22:18,,"Hình ảnh mang tính chất lấy xu, giao hàng nhanh, gói hàng cẩn thận, mình đặt hộ nên k rõ chất lượng sản phẩm thế nào",N/A,0,6
j*****s,5,2021-10-23 20:23,,Mình mua tặng bố vì bố mình hay phải đi uống rượu tiếp khách. Mong là công dụng tốt mà không hại sức khỏe,N/A,0,6
psk.pikapu,5,2021-10-21 22:22,,Mall có tiến bộ khi gói hàng. Lần này mình thấy gói kĩ hơn nhiều. Giao hàng cũng nhanh!,N/A,0,7
sonnh1412,5,2022-04-01 19:10,,Đóng gói cẩn thận và giao hàng nhanh chóng. Đã mua một lần thấy cũng hiệu quả nên mua tiếp,N/A,1,7
mrmrabcdzl,5,2021-10-22 17:56,,"Đúng là Shopee Mall , đặt hàng 2 ngày đã có, đóng gói kĩ lưỡng chống sốc các kiểu con đà điểu , Sản phẩm uống khá giống tăng lực không đường pha 1 chút mùi kiểu nhân sâm linh chi, nói chung là dễ uống còn có giảm chịu chứng khó chịu khi sử dụng Pi.a r.ụ thì mình sẽ test sau .... ⭐⭐⭐⭐⭐",N/A,0,7
wiseman2006,5,2022-07-20 20:43,,"Shop chuẩn bị hàng nhanh, bao bì cẩn thận. Nước uống giải rượu mùi thơm giống redbull do có taurin. Về công dụng thì để chủ nhật này mới biết.","Rohto Mentholatum Viet Nam xin chào bạn, Rohto rất vui khi bạn hài lòng với sản phẩm và dịch vụ của Rohto Mentholatum Viet Nam. Mong sớm gặp lại bạn trong đơn hàng tiếp theo ạ. Mong bạn sẽ luôn ủng hộ Rohto nhé..
",0,7
janditran,5,2021-10-22 22:18,,"Hình ảnh mang tính chất lấy xu, giao hàng nhanh, gói hàng cẩn thận, mình đặt hộ nên k rõ chất lượng sản phẩm thế nào",N/A,0,7
j*****s,5,2021-10-23 20:23,,Mình mua tặng bố vì bố mình hay phải đi uống rượu tiếp khách. Mong là công dụng tốt mà không hại sức khỏe,N/A,0,7
mainguyenyennhi219,5,2023-05-27 09:44,,"Đối tượng sử dụng: all
Công dụng: giải rượu bia
Ông xã mình hay uống rượu bia nên mua về giải rượu , chưa sử dụng nên chưa biết ntn, hi vọng có kết quả tốt mình sẽ tiếp tục ủng hộ. Đợi lần sau mình sẽ cho kết quả khi sử dụng cho các bạn nhé",N/A,0,8
dunng786,5,2023-05-16 12:53,,"Hàng đóng gói cẩn thân, kĩ lưỡng, giao hàng nhanh, sẽ ủng hộ shop nếu có thêm nhu cầu",N/A,0,8
e*****e,5,2023-05-07 08:50,,"Hình ảnh chỉ mang tính chất nhận xu, đóng gói cẩn thận, giao hàng nhanh,",N/A,0,8
billtmb,5,2023-04-16 11:12,,"Mua dc giá sale nên cũng okie
Giao hàng khá nhanh, sản phẩm như hình nhé .",N/A,0,8
giangm12,5,2023-03-13 22:56,,"Công dụng: giải rượu bia
Đối tượng sử dụng: người uống rượu bia
Trước mua thử ở cửa hàng tiện lợi cho chồng dùng thấy ổn nên nay thấy mall có mua luôn lốc cho chồng lúc cần thì dùng","Rohto Mentholatum Việt Nam xin chào bạn, Rohto rất vui khi bạn hài lòng với sản phẩm và dịch vụ của Rohto Mentholatum Việt Nam. Mong sớm gặp lại bạn trong đơn hàng tiếp theo nhé ❤️",0,8
kimphu1711,5,2023-03-02 11:15,,"Công dụng: giai doc gan
Đối tượng sử dụng: người lớn
Đóng gói kĩ, giao hàng nhanh. Thuốc có tác dụng tốt, hiệu quả, đáng tin cậy.","Rohto Mentholatum Việt Nam xin chào bạn, Rohto rất vui khi bạn hài lòng với sản phẩm và dịch vụ của Rohto Mentholatum Việt Nam. Mong sớm gặp lại bạn trong đơn hàng tiếp theo nhé ❤️",0,8
vothihonglyntpt,5,2023-02-28 13:00,,Mỗi lốc tặng 1 hộp đựng trang sức. Giá tầm 300k là giá tốt nhất biwax giờ mình mua rồi ak,"Rohto Mentholatum Việt Nam xin chào bạn, Rohto rất vui khi bạn hài lòng với sản phẩm và dịch vụ của Rohto Mentholatum Việt Nam. Mong sớm gặp lại bạn trong đơn hàng tiếp theo ạ. Mong bạn sẽ luôn ủng hộ Rohto nhé..
",0,9
k*****n,5,2021-05-11 10:07,,Giao nhanh đóng gói cẩn thận sẽ ủng hộ shop những lần tiếp theo tks shop,N/A,0,9
tram_anh.0108,5,2021-04-23 23:47,,"Shop giao đúng mẫu mã, mua đồ thanh lí ib mình có fix
Nhập mã shopback để nhận hàng tiền 20k nẻ xB0NrC",N/A,0,9
bietkhong11,5,2021-04-26 12:04,,"Giao hàng nhanh đúng hẹn, shop đóng gói quá kỹ tư vấn nhiệt tình như người nhà

",N/A,0,9
cookie_ngan_11,5,2021-04-20 18:05,,Giao hàng nhanh mình thấy mua trên shop Pi rẻ hơn mua trên các chỗ khác,N/A,0,9
mymeolee,5,2021-05-19 11:56,,"Giao hàng nhanh, đóng gói cẩn thận, nếu sử dụng tốt sẽ mua tiếp ",N/A,0,9
vothihonglyntpt,5,2023-02-28 13:00,,Mỗi lốc tặng 1 hộp đựng trang sức. Giá tầm 300k là giá tốt nhất biwax giờ mình mua rồi ak,"Rohto Mentholatum Việt Nam xin chào bạn, Rohto rất vui khi bạn hài lòng với sản phẩm và dịch vụ của Rohto Mentholatum Việt Nam. Mong sớm gặp lại bạn trong đơn hàng tiếp theo ạ. Mong bạn sẽ luôn ủng hộ Rohto nhé..
",0,10
k*****n,5,2021-05-11 10:07,,Giao nhanh đóng gói cẩn thận sẽ ủng hộ shop những lần tiếp theo tks shop,N/A,0,10
tram_anh.0108,5,2021-04-23 23:47,,"Shop giao đúng mẫu mã, mua đồ thanh lí ib mình có fix
Nhập mã shopback để nhận hàng tiền 20k nẻ xB0NrC",N/A,0,10
bietkhong11,5,2021-04-26 12:04,,"Giao hàng nhanh đúng hẹn, shop đóng gói quá kỹ tư vấn nhiệt tình như người nhà

",N/A,0,10
cookie_ngan_11,5,2021-04-20 18:05,,Giao hàng nhanh mình thấy mua trên shop Pi rẻ hơn mua trên các chỗ khác,N/A,0,10
mymeolee,5,2021-05-19 11:56,,"Giao hàng nhanh, đóng gói cẩn thận, nếu sử dụng tốt sẽ mua tiếp ",N/A,0,10
vothihonglyntpt,5,2023-02-28 13:00,,Mỗi lốc tặng 1 hộp đựng trang sức. Giá tầm 300k là giá tốt nhất biwax giờ mình mua rồi ak,"Rohto Mentholatum Việt Nam xin chào bạn, Rohto rất vui khi bạn hài lòng với sản phẩm và dịch vụ của Rohto Mentholatum Việt Nam. Mong sớm gặp lại bạn trong đơn hàng tiếp theo ạ. Mong bạn sẽ luôn ủng hộ Rohto nhé..
",0,11
k*****n,5,2021-05-11 10:07,,Giao nhanh đóng gói cẩn thận sẽ ủng hộ shop những lần tiếp theo tks shop,N/A,0,11
tram_anh.0108,5,2021-04-23 23:47,,"Shop giao đúng mẫu mã, mua đồ thanh lí ib mình có fix
Nhập mã shopback để nhận hàng tiền 20k nẻ xB0NrC",N/A,0,11
bietkhong11,5,2021-04-26 12:04,,"Giao hàng nhanh đúng hẹn, shop đóng gói quá kỹ tư vấn nhiệt tình như người nhà

",N/A,0,11
cookie_ngan_11,5,2021-04-20 18:05,,Giao hàng nhanh mình thấy mua trên shop Pi rẻ hơn mua trên các chỗ khác,N/A,0,11
mymeolee,5,2021-05-19 11:56,,"Giao hàng nhanh, đóng gói cẩn thận, nếu sử dụng tốt sẽ mua tiếp ",N/A,0,11
vothihonglyntpt,5,2023-02-28 13:00,,Mỗi lốc tặng 1 hộp đựng trang sức. Giá tầm 300k là giá tốt nhất biwax giờ mình mua rồi ak,"Rohto Mentholatum Việt Nam xin chào bạn, Rohto rất vui khi bạn hài lòng với sản phẩm và dịch vụ của Rohto Mentholatum Việt Nam. Mong sớm gặp lại bạn trong đơn hàng tiếp theo ạ. Mong bạn sẽ luôn ủng hộ Rohto nhé..
",0,12
k*****n,5,2021-05-11 10:07,,Giao nhanh đóng gói cẩn thận sẽ ủng hộ shop những lần tiếp theo tks shop,N/A,0,12
tram_anh.0108,5,2021-04-23 23:47,,"Shop giao đúng mẫu mã, mua đồ thanh lí ib mình có fix
Nhập mã shopback để nhận hàng tiền 20k nẻ xB0NrC",N/A,0,12
bietkhong11,5,2021-04-26 12:04,,"Giao hàng nhanh đúng hẹn, shop đóng gói quá kỹ tư vấn nhiệt tình như người nhà

",N/A,0,12
cookie_ngan_11,5,2021-04-20 18:05,,Giao hàng nhanh mình thấy mua trên shop Pi rẻ hơn mua trên các chỗ khác,N/A,0,12
mymeolee,5,2021-05-19 11:56,,"Giao hàng nhanh, đóng gói cẩn thận, nếu sử dụng tốt sẽ mua tiếp ",N/A,0,12
s*****7,5,2021-10-26 14:08,,Sản phẩm tốt và chất lượng đóng gói kĩ càng và giao hàng khá nhanh chóng,N/A,0,13
phuonghoang1368,5,2022-05-26 21:04,,Chất lượng ok đã mua nhiều lần sẽ ủng hộ thêm okokok okokok okokkk,N/A,0,13
hiendieu_94,5,2022-03-04 16:44,,Bạn mình uống thấy có đỡ mệt hơn xíu. Chắc tại uống nhiều quá nên hôm sau vẫn còn hơi mệt. Nhưng giảm nhẹ hơn là okila rồi,N/A,0,13
p*****5,5,2023-02-03 10:26,,"Viettel Money tang Ban 30K nap dien thoai Viettel MIEN PHI se HET HAN hom nay 31/01. Mo app, xac thuc thong tin tai khoan va su dung uu dai tai https://km.vtmoney.vn/314y/uudai2 Ban nhe.","Rohto Mentholatum Việt Nam xin chào bạn, Rohto rất vui khi bạn hài lòng với sản phẩm và dịch vụ của Rohto Mentholatum Việt Nam. Mong sớm gặp lại bạn trong đơn hàng tiếp theo nhé 
",0,13
n*****5,5,2022-07-22 13:31,,Em q chị ơi cho em mã 🧑‍💻 là sao 🌟 có thể 🤔 được ko miêu tả khoa học đầu giờ,"Rohto Mentholatum Viet Nam xin chào bạn, Rohto rất vui khi bạn hài lòng với sản phẩm và dịch vụ của Rohto Mentholatum Viet Nam. Mong sớm gặp lại bạn trong đơn hàng tiếp theo ạ. Mong bạn sẽ luôn ủng hộ Rohto nhé..
",0,13
cham_rin,5,2021-11-05 14:18,,"Giải rượu tốtttttttt
Giao hàng siêu nhanhhh đóng gói kĩ 
5 saoooooo",N/A,0,13
j*****1,5,2023-03-17 22:41,,"Hĩnh ảnh mang tính nhận xu
Giao hàng nhanh , giá rẻ
Đóng gói sản phẩm đầy đủ","Rohto Mentholatum Việt Nam xin chào bạn, Rohto rất vui khi bạn hài lòng với sản phẩm và dịch vụ của Rohto Mentholatum Việt Nam. Mong sớm gặp lại bạn trong đơn hàng tiếp theo nhé ❤️",0,14
vothihonglyntpt,5,2022-05-30 18:29,,Mình đã thử uống trước cuộc nhậu 30 phút. K nóng ruột khó chịu như trước. M là nữ.,N/A,0,14
tranvucatp,5,2021-10-25 11:30,,"Đóng hàng chắc chắn, giao hàng nhanh. Sản phẩm chất lượng. Rất nên mua.",N/A,0,14
vothihonglyntpt,5,2022-07-25 20:49,,Trước khi nhậu 30 phút uống 1 chai vô sẽ bớt đau đầu và uống bia bớt bị nhợn hơn. Mua sale hơn 300k 1 hộp,"
Rohto Mentholatum Viet Nam xin chào bạn, Rohto rất vui khi bạn hài lòng với sản phẩm và dịch vụ của Rohto Mentholatum Viet Nam. Mong sớm gặp lại bạn trong đơn hàng tiếp theo ạ. Mong bạn sẽ luôn ủng hộ Rohto nhé..
",0,14
tuan_ph,5,2021-12-16 11:02,,"Đã nhận được hàng sau 1 ngày
Giao siêu tốc chứ ko phải nhanh
Ship trong đêm luôn
Đúng gian hàng mall",N/A,0,14
duyduale,5,2022-02-28 22:51,,Ok lắm,N/A,0,14
j*****1,5,2023-03-17 22:41,,"Hĩnh ảnh mang tính nhận xu
Giao hàng nhanh , giá rẻ
Đóng gói sản phẩm đầy đủ","Rohto Mentholatum Việt Nam xin chào bạn, Rohto rất vui khi bạn hài lòng với sản phẩm và dịch vụ của Rohto Mentholatum Việt Nam. Mong sớm gặp lại bạn trong đơn hàng tiếp theo nhé ❤️",0,15
vothihonglyntpt,5,2022-05-30 18:29,,Mình đã thử uống trước cuộc nhậu 30 phút. K nóng ruột khó chịu như trước. M là nữ.,N/A,0,15
tranvucatp,5,2021-10-25 11:30,,"Đóng hàng chắc chắn, giao hàng nhanh. Sản phẩm chất lượng. Rất nên mua.",N/A,0,15
vothihonglyntpt,5,2022-07-25 20:49,,Trước khi nhậu 30 phút uống 1 chai vô sẽ bớt đau đầu và uống bia bớt bị nhợn hơn. Mua sale hơn 300k 1 hộp,"
Rohto Mentholatum Viet Nam xin chào bạn, Rohto rất vui khi bạn hài lòng với sản phẩm và dịch vụ của Rohto Mentholatum Viet Nam. Mong sớm gặp lại bạn trong đơn hàng tiếp theo ạ. Mong bạn sẽ luôn ủng hộ Rohto nhé..
",0,15
tuan_ph,5,2021-12-16 11:02,,"Đã nhận được hàng sau 1 ngày
Giao siêu tốc chứ ko phải nhanh
Ship trong đêm luôn
Đúng gian hàng mall",N/A,0,15
duyduale,5,2022-02-28 22:51,,Ok lắm,N/A,0,15
j*****1,5,2023-03-17 22:41,,"Hĩnh ảnh mang tính nhận xu
Giao hàng nhanh , giá rẻ
Đóng gói sản phẩm đầy đủ","Rohto Mentholatum Việt Nam xin chào bạn, Rohto rất vui khi bạn hài lòng với sản phẩm và dịch vụ của Rohto Mentholatum Việt Nam. Mong sớm gặp lại bạn trong đơn hàng tiếp theo nhé ❤️",0,16
vothihonglyntpt,5,2022-05-30 18:29,,Mình đã thử uống trước cuộc nhậu 30 phút. K nóng ruột khó chịu như trước. M là nữ.,N/A,0,16
tranvucatp,5,2021-10-25 11:30,,"Đóng hàng chắc chắn, giao hàng nhanh. Sản phẩm chất lượng. Rất nên mua.",N/A,0,16
vothihonglyntpt,5,2022-07-25 20:49,,Trước khi nhậu 30 phút uống 1 chai vô sẽ bớt đau đầu và uống bia bớt bị nhợn hơn. Mua sale hơn 300k 1 hộp,"
Rohto Mentholatum Viet Nam xin chào bạn, Rohto rất vui khi bạn hài lòng với sản phẩm và dịch vụ của Rohto Mentholatum Viet Nam. Mong sớm gặp lại bạn trong đơn hàng tiếp theo ạ. Mong bạn sẽ luôn ủng hộ Rohto nhé..
",0,16
tuan_ph,5,2021-12-16 11:02,,"Đã nhận được hàng sau 1 ngày
Giao siêu tốc chứ ko phải nhanh
Ship trong đêm luôn
Đúng gian hàng mall",N/A,0,16
duyduale,5,2022-02-28 22:51,,Ok lắm,N/A,0,16
nguyenkimlien219,5,2021-10-04 09:25,,Tốt,N/A,0,17
thuongthuong222,5,2021-12-21 13:51,,"giao hàng nhanh, gói cẩn thận lắm! cơ bản sp  tốt, chờ uống hết lại mua tiếp",N/A,0,17
linhkaho,5,2022-03-10 07:25,,"Mua cho nên mình cũng chưa biết nhưng đóng gói cẩn thận. 
Cảm ơn shop",N/A,0,17
bienlien1920,5,2021-11-25 20:14,,Đánh giá 5s. Chưa sử dụng mong có hiệu quả tốt. Đóng gói chắc chắn. Nếu sau sử dụng ok thì sẽ ủng hộ shop thêm.,N/A,0,17
a*****o,5,2023-05-23 08:48,,Giảm các triệu chứng say,N/A,0,17
quyet.doan,5,2023-05-06 08:54,,Nhanh,N/A,0,17
hoang6668,5,2022-04-28 15:07,,Giao hàng nhanh sp tốt,N/A,0,18
hoang6668,5,2022-04-24 13:33,,Sp tốt,N/A,0,18
hameo157,5,2021-12-13 12:34,,"Giao hàng nhanh, sp tốt",N/A,0,18
tuelinh11122018,5,2021-05-14 14:50,,"Sp rất tốt, shop gói hàng rất cẩn thận",N/A,0,18
oocmintran,5,2022-02-17 11:09,,Ko bị bể,N/A,0,18
nhumai9713,5,2021-11-04 09:59,,"Gói hàng rất kỹ, chỉnh chu, duyệt!",N/A,0,18
hoang6668,5,2022-04-28 15:07,,Giao hàng nhanh sp tốt,N/A,0,19
hoang6668,5,2022-04-24 13:33,,Sp tốt,N/A,0,19
hameo157,5,2021-12-13 12:34,,"Giao hàng nhanh, sp tốt",N/A,0,19
tuelinh11122018,5,2021-05-14 14:50,,"Sp rất tốt, shop gói hàng rất cẩn thận",N/A,0,19
oocmintran,5,2022-02-17 11:09,,Ko bị bể,N/A,0,19
nhumai9713,5,2021-11-04 09:59,,"Gói hàng rất kỹ, chỉnh chu, duyệt!",N/A,0,19
hoang6668,5,2022-04-28 15:07,,Giao hàng nhanh sp tốt,N/A,0,20
hoang6668,5,2022-04-24 13:33,,Sp tốt,N/A,0,20
hameo157,5,2021-12-13 12:34,,"Giao hàng nhanh, sp tốt",N/A,0,20
tuelinh11122018,5,2021-05-14 14:50,,"Sp rất tốt, shop gói hàng rất cẩn thận",N/A,0,20
oocmintran,5,2022-02-17 11:09,,Ko bị bể,N/A,0,20
nhumai9713,5,2021-11-04 09:59,,"Gói hàng rất kỹ, chỉnh chu, duyệt!",N/A,0,20
hoang6668,5,2022-04-28 15:07,,Giao hàng nhanh sp tốt,N/A,0,21
hoang6668,5,2022-04-24 13:33,,Sp tốt,N/A,0,21
hameo157,5,2021-12-13 12:34,,"Giao hàng nhanh, sp tốt",N/A,0,21
tuelinh11122018,5,2021-05-14 14:50,,"Sp rất tốt, shop gói hàng rất cẩn thận",N/A,0,21
oocmintran,5,2022-02-17 11:09,,Ko bị bể,N/A,0,21
nhumai9713,5,2021-11-04 09:59,,"Gói hàng rất kỹ, chỉnh chu, duyệt!",N/A,0,21
vuhongnhung31396,5,2023-05-16 12:20,,N/A,N/A,0,22
whythink,5,2023-03-19 23:45,,N/A,"Rohto Mentholatum Việt Nam xin chào bạn, Rohto rất vui khi bạn hài lòng với sản phẩm và dịch vụ của Rohto Mentholatum Việt Nam. Mong sớm gặp lại bạn trong đơn hàng tiếp theo nhé ❤️",0,22
dreamsvietnam,5,2023-01-06 17:25,,N/A,"Rohto Mentholatum Việt Nam xin chào bạn, Rohto rất vui khi bạn hài lòng với sản phẩm và dịch vụ của Rohto Mentholatum Việt Nam. Mong sớm gặp lại bạn trong đơn hàng tiếp theo nhé ❤️",0,22
dinhtyler,5,2023-04-04 20:15,,N/A,N/A,0,22
dunghip1996,5,2023-03-09 11:13,,N/A,N/A,0,22
hiepdoan85,5,2023-05-25 21:15,,N/A,N/A,0,22
phiphongmta,5,2023-01-11 10:53,,N/A,"Rohto Mentholatum Việt Nam xin chào bạn, Rohto rất vui khi bạn hài lòng với sản phẩm và dịch vụ của Rohto Mentholatum Việt Nam. Mong sớm gặp lại bạn trong đơn hàng tiếp theo nhé 
",0,23
minoc109,5,2023-03-02 14:04,,N/A,"Rohto Mentholatum Việt Nam xin chào bạn, Rohto rất vui khi bạn hài lòng với sản phẩm và dịch vụ của Rohto Mentholatum Việt Nam. Mong sớm gặp lại bạn trong đơn hàng tiếp theo nhé ❤️",0,23
gianhhhhh,5,2023-03-03 18:49,,N/A,"Rohto Mentholatum Việt Nam xin chào bạn, Rohto rất vui khi bạn hài lòng với sản phẩm và dịch vụ của Rohto Mentholatum Việt Nam. Mong sớm gặp lại bạn trong đơn hàng tiếp theo nhé ❤️",0,23
nguyen.nga.35,5,2022-07-23 15:05,,N/A,"Rohto Mentholatum Viet Nam xin chào bạn, Rohto rất vui khi bạn hài lòng với sản phẩm và dịch vụ của Rohto Mentholatum Viet Nam. Mong sớm gặp lại bạn trong đơn hàng tiếp theo ạ. Mong bạn sẽ luôn ủng hộ Rohto nhé..
",0,23
minhthinh145,5,2023-03-23 20:08,,N/A,N/A,0,23
tylam111,5,2023-04-08 17:12,,N/A,N/A,0,23
phiphongmta,5,2023-01-11 10:53,,N/A,"Rohto Mentholatum Việt Nam xin chào bạn, Rohto rất vui khi bạn hài lòng với sản phẩm và dịch vụ của Rohto Mentholatum Việt Nam. Mong sớm gặp lại bạn trong đơn hàng tiếp theo nhé 
",0,24
minoc109,5,2023-03-02 14:04,,N/A,"Rohto Mentholatum Việt Nam xin chào bạn, Rohto rất vui khi bạn hài lòng với sản phẩm và dịch vụ của Rohto Mentholatum Việt Nam. Mong sớm gặp lại bạn trong đơn hàng tiếp theo nhé ❤️",0,24
gianhhhhh,5,2023-03-03 18:49,,N/A,"Rohto Mentholatum Việt Nam xin chào bạn, Rohto rất vui khi bạn hài lòng với sản phẩm và dịch vụ của Rohto Mentholatum Việt Nam. Mong sớm gặp lại bạn trong đơn hàng tiếp theo nhé ❤️",0,24
nguyen.nga.35,5,2022-07-23 15:05,,N/A,"Rohto Mentholatum Viet Nam xin chào bạn, Rohto rất vui khi bạn hài lòng với sản phẩm và dịch vụ của Rohto Mentholatum Viet Nam. Mong sớm gặp lại bạn trong đơn hàng tiếp theo ạ. Mong bạn sẽ luôn ủng hộ Rohto nhé..
",0,24
minhthinh145,5,2023-03-23 20:08,,N/A,N/A,0,24
tylam111,5,2023-04-08 17:12,,N/A,N/A,0,24
phiphongmta,5,2023-01-11 10:53,,N/A,"Rohto Mentholatum Việt Nam xin chào bạn, Rohto rất vui khi bạn hài lòng với sản phẩm và dịch vụ của Rohto Mentholatum Việt Nam. Mong sớm gặp lại bạn trong đơn hàng tiếp theo nhé 
",0,25
minoc109,5,2023-03-02 14:04,,N/A,"Rohto Mentholatum Việt Nam xin chào bạn, Rohto rất vui khi bạn hài lòng với sản phẩm và dịch vụ của Rohto Mentholatum Việt Nam. Mong sớm gặp lại bạn trong đơn hàng tiếp theo nhé ❤️",0,25
gianhhhhh,5,2023-03-03 18:49,,N/A,"Rohto Mentholatum Việt Nam xin chào bạn, Rohto rất vui khi bạn hài lòng với sản phẩm và dịch vụ của Rohto Mentholatum Việt Nam. Mong sớm gặp lại bạn trong đơn hàng tiếp theo nhé ❤️",0,25
nguyen.nga.35,5,2022-07-23 15:05,,N/A,"Rohto Mentholatum Viet Nam xin chào bạn, Rohto rất vui khi bạn hài lòng với sản phẩm và dịch vụ của Rohto Mentholatum Viet Nam. Mong sớm gặp lại bạn trong đơn hàng tiếp theo ạ. Mong bạn sẽ luôn ủng hộ Rohto nhé..
",0,25
minhthinh145,5,2023-03-23 20:08,,N/A,N/A,0,25
tylam111,5,2023-04-08 17:12,,N/A,N/A,0,25
n.nhattrang,5,2023-02-15 10:55,,N/A,"Rohto Mentholatum Việt Nam xin chào bạn, Rohto rất vui khi bạn hài lòng với sản phẩm và dịch vụ của Rohto Mentholatum Việt Nam. Mong sớm gặp lại bạn trong đơn hàng tiếp theo ạ. Mong bạn sẽ luôn ủng hộ Rohto nhé..
",0,26
chaubui2361982_.,5,2022-07-21 20:43,,N/A,"Rohto Mentholatum Việt Nam xin chào bạn, Rohto rất vui khi bạn hài lòng với sản phẩm và dịch vụ của Rohto Mentholatum Việt Nam. Mong sớm gặp lại bạn trong đơn hàng tiếp theo ạ. Mong bạn sẽ luôn ủng hộ Rohto nhé.
",0,26
n.nhattrang,5,2022-04-28 19:02,,N/A,N/A,0,26
ty_ton22122016,5,2022-04-29 13:26,,N/A,N/A,0,26
sandylu89,5,2022-04-19 15:16,,N/A,N/A,0,26
tranquoccuong51,5,2022-04-12 14:30,,N/A,N/A,0,26
kwonhyukjae,5,2022-03-28 12:52,,N/A,N/A,0,27
hoanghai231290,5,2022-03-27 14:28,,N/A,N/A,0,27
lengan16892,5,2022-04-05 11:42,,N/A,N/A,0,27
poohnhi,5,2022-04-08 21:34,,N/A,N/A,0,27
anhquan.51289,5,2022-04-07 17:48,,N/A,N/A,0,27
khuong17062018,5,2022-04-10 08:21,,N/A,N/A,0,27
kwonhyukjae,5,2022-03-28 12:52,,N/A,N/A,0,28
hoanghai231290,5,2022-03-27 14:28,,N/A,N/A,0,28
lengan16892,5,2022-04-05 11:42,,N/A,N/A,0,28
poohnhi,5,2022-04-08 21:34,,N/A,N/A,0,28
anhquan.51289,5,2022-04-07 17:48,,N/A,N/A,0,28
khuong17062018,5,2022-04-10 08:21,,N/A,N/A,0,28
kwonhyukjae,5,2022-03-28 12:52,,N/A,N/A,0,29
hoanghai231290,5,2022-03-27 14:28,,N/A,N/A,0,29
lengan16892,5,2022-04-05 11:42,,N/A,N/A,0,29
poohnhi,5,2022-04-08 21:34,,N/A,N/A,0,29
anhquan.51289,5,2022-04-07 17:48,,N/A,N/A,0,29
khuong17062018,5,2022-04-10 08:21,,N/A,N/A,0,29
kwonhyukjae,5,2022-03-28 12:52,,N/A,N/A,0,30
hoanghai231290,5,2022-03-27 14:28,,N/A,N/A,0,30
lengan16892,5,2022-04-05 11:42,,N/A,N/A,0,30
poohnhi,5,2022-04-08 21:34,,N/A,N/A,0,30
anhquan.51289,5,2022-04-07 17:48,,N/A,N/A,0,30
khuong17062018,5,2022-04-10 08:21,,N/A,N/A,0,30
s*****2,5,2021-05-01 07:10,,N/A,N/A,0,31
kwonhyukjae,5,2021-05-07 10:03,,N/A,N/A,0,31
phuchoang19195,5,2021-12-04 10:58,,N/A,N/A,0,31
trankieutolinh,5,2021-09-21 13:53,,N/A,N/A,0,31
trankieutolinh,5,2021-09-21 13:53,,N/A,N/A,0,31
tuanbencat,5,2022-01-02 07:49,,N/A,N/A,0,31
phucanh0908,5,2021-05-07 20:09,,N/A,N/A,0,32
phamtrancamthoai,5,2021-09-30 18:32,,N/A,N/A,0,32
phamtrancamthoai,5,2021-09-30 18:31,,N/A,N/A,0,32
phtrang260291,5,2021-11-18 18:59,,N/A,N/A,0,32
mayiu19,5,2021-12-15 23:39,,N/A,N/A,0,32
thanhnguyen0712,5,2021-11-10 18:03,,N/A,N/A,0,32
phucanh0908,5,2021-05-07 20:09,,N/A,N/A,0,33
phamtrancamthoai,5,2021-09-30 18:32,,N/A,N/A,0,33
phamtrancamthoai,5,2021-09-30 18:31,,N/A,N/A,0,33
phtrang260291,5,2021-11-18 18:59,,N/A,N/A,0,33
mayiu19,5,2021-12-15 23:39,,N/A,N/A,0,33
thanhnguyen0712,5,2021-11-10 18:03,,N/A,N/A,0,33
phucanh0908,5,2021-05-07 20:09,,N/A,N/A,0,34
phamtrancamthoai,5,2021-09-30 18:32,,N/A,N/A,0,34
phamtrancamthoai,5,2021-09-30 18:31,,N/A,N/A,0,34
phtrang260291,5,2021-11-18 18:59,,N/A,N/A,0,34
mayiu19,5,2021-12-15 23:39,,N/A,N/A,0,34
thanhnguyen0712,5,2021-11-10 18:03,,N/A,N/A,0,34
tuanthong0203,5,2021-10-21 21:16,,N/A,N/A,0,35
nhulebd,5,2021-10-21 14:00,,N/A,N/A,0,35
hongdung1712,5,2021-10-21 13:12,,N/A,N/A,0,35
maidang.0901,5,2021-06-25 15:58,,N/A,N/A,0,35
Người dùng Shopee,5,2021-04-02 17:13,,N/A,N/A,0,35
linhtthuy,5,2021-05-07 22:51,,N/A,N/A,0,35
hungtran1993,5,2021-03-22 15:12,,N/A,N/A,0,36
74m9al_4lw,5,2021-09-21 18:05,,N/A,N/A,0,36
74m9al_4lw,5,2021-09-21 18:06,,N/A,N/A,0,36
h*****2,5,2021-07-14 23:01,,N/A,N/A,0,36
vananh1929_pl,5,2021-12-20 16:27,,N/A,N/A,0,36
ymhealthy.sg,5,2021-05-06 09:48,,N/A,N/A,0,36
hungtran1993,5,2021-03-22 15:12,,N/A,N/A,0,37
74m9al_4lw,5,2021-09-21 18:05,,N/A,N/A,0,37
74m9al_4lw,5,2021-09-21 18:06,,N/A,N/A,0,37
h*****2,5,2021-07-14 23:01,,N/A,N/A,0,37
vananh1929_pl,5,2021-12-20 16:27,,N/A,N/A,0,37
ymhealthy.sg,5,2021-05-06 09:48,,N/A,N/A,0,37
hungtran1993,5,2021-03-22 15:12,,N/A,N/A,0,38
74m9al_4lw,5,2021-09-21 18:05,,N/A,N/A,0,38
74m9al_4lw,5,2021-09-21 18:06,,N/A,N/A,0,38
h*****2,5,2021-07-14 23:01,,N/A,N/A,0,38
vananh1929_pl,5,2021-12-20 16:27,,N/A,N/A,0,38
ymhealthy.sg,5,2021-05-06 09:48,,N/A,N/A,0,38
hathihao.2020,5,2021-05-06 16:57,,N/A,N/A,0,39
khocasablanca,5,2021-12-04 22:29,,N/A,N/A,0,39
vuhoangct65,5,2021-09-22 12:29,,N/A,N/A,0,39
builamhoa,5,2021-09-23 08:52,,N/A,N/A,0,39
5w84xpr137,5,2021-10-20 17:11,,N/A,N/A,0,39
jancap,4,2023-02-10 12:01,,"Mua nhiều lần lắm rồi, chẳng biết có tác dụng không nhưng uống để giải quyết vấn đề tâm lý là chính. Thấy ông chồng kêu không bị đau đầu không mệt chắc là có tác dụng hy vọng thế ￼","Rohto Mentholatum Viet Nam xin chào bạn, Rohto rất vui khi bạn hài lòng với sản phẩm và dịch vụ của Rohto Mentholatum Viet Nam. Mong sớm gặp lại bạn trong đơn hàng tiếp theo ạ. Mong bạn sẽ luôn ủng hộ Rohto nhé..
",0,1
jennyvuong,4,2023-01-07 11:07,,chất lượng tôt nên mua cho mấy ông uống mùa bia rượu này nhe không bit có tác dụng không nhưng cũng an tâm hơn,"Rohto Mentholatum Việt Nam xin chào bạn, Rohto rất vui khi bạn hài lòng với sản phẩm và dịch vụ của Rohto Mentholatum Việt Nam. Mong sớm gặp lại bạn trong đơn hàng tiếp theo nhé ❤️",0,1
l*****n,4,2021-11-16 11:22,,Giao nhanh nhưng đóng gói thì không thể mê được hiuuuuuu,N/A,0,1
buiminhduc1910,4,2023-01-14 16:28,,"Sản phẩm tốt, chất lượng tuy nhiên gói hàng sơ sài, đơn vị vận chuyển làm móp méo hộp và bể 1 lọ dù có dán tem hàng dễ vỡ","Rohto Mentholatum Viet Nam xin chào bạn, Rohto rất vui khi bạn hài lòng với sản phẩm và dịch vụ của Rohto Mentholatum Viet Nam. Mong sớm gặp lại bạn trong đơn hàng tiếp theo ạ. Mong bạn sẽ luôn ủng hộ Rohto nhé..
",0,1
ktwn4292,4,2021-05-06 11:44,,San pham su dung tot nen mua them cho gia dinh su dung. Luc dat sp có hình tặng đèn pin nhưng giao hàng lại không có và giờ hình sp cũng thay đổi.,N/A,0,1
lamcoi258,4,2023-05-12 14:40,,N/A,N/A,0,1
jancap,4,2023-02-10 12:01,,"Mua nhiều lần lắm rồi, chẳng biết có tác dụng không nhưng uống để giải quyết vấn đề tâm lý là chính. Thấy ông chồng kêu không bị đau đầu không mệt chắc là có tác dụng hy vọng thế ￼","Rohto Mentholatum Viet Nam xin chào bạn, Rohto rất vui khi bạn hài lòng với sản phẩm và dịch vụ của Rohto Mentholatum Viet Nam. Mong sớm gặp lại bạn trong đơn hàng tiếp theo ạ. Mong bạn sẽ luôn ủng hộ Rohto nhé..
",0,2
jennyvuong,4,2023-01-07 11:07,,chất lượng tôt nên mua cho mấy ông uống mùa bia rượu này nhe không bit có tác dụng không nhưng cũng an tâm hơn,"Rohto Mentholatum Việt Nam xin chào bạn, Rohto rất vui khi bạn hài lòng với sản phẩm và dịch vụ của Rohto Mentholatum Việt Nam. Mong sớm gặp lại bạn trong đơn hàng tiếp theo nhé ❤️",0,2
l*****n,4,2021-11-16 11:22,,Giao nhanh nhưng đóng gói thì không thể mê được hiuuuuuu,N/A,0,2
buiminhduc1910,4,2023-01-14 16:28,,"Sản phẩm tốt, chất lượng tuy nhiên gói hàng sơ sài, đơn vị vận chuyển làm móp méo hộp và bể 1 lọ dù có dán tem hàng dễ vỡ","Rohto Mentholatum Viet Nam xin chào bạn, Rohto rất vui khi bạn hài lòng với sản phẩm và dịch vụ của Rohto Mentholatum Viet Nam. Mong sớm gặp lại bạn trong đơn hàng tiếp theo ạ. Mong bạn sẽ luôn ủng hộ Rohto nhé..
",0,2
ktwn4292,4,2021-05-06 11:44,,San pham su dung tot nen mua them cho gia dinh su dung. Luc dat sp có hình tặng đèn pin nhưng giao hàng lại không có và giờ hình sp cũng thay đổi.,N/A,0,2
lamcoi258,4,2023-05-12 14:40,,N/A,N/A,0,2
kimphu1711,3,2023-05-12 15:42,,"Đóng gói kĩ, giao hàng nhanh như mọi khi nhưng đợt này ko có tặng quà km như trên hình","Rohto-Mentholatum Vietnam xin chào bạn, rất xin lỗi khi bạn chưa hài lòng về đơn hàng ạ. Bạn có thể chia sẻ thêm thông tin cần hỗ trợ để gian hàng có thể hỗ trợ bạn thêm nhé. Rất mong sớm nhận được phản hồi từ bạn ạ. ",0,1
bamboo176,3,2021-05-24 13:59,,"Hết tặng đèn thì gỡ xuống đi cho khách người ta biết, cứ treo như vậy người ta lại tưởng có ",N/A,0,1
hoangtuga,3,2023-05-17 21:40,,N/A,Rohto Mentholatum Việt Nam xin chào bạn ạ Rohto rất xin lỗi quý khách về trải nghiệm chưa tốt khi mua sắm tại gian hàng Rohto Mentholatum Việt Nam . Rohto xin phép liên hệ qua hộp thư Chat để có thể hỗ trợ quý khách tốt hơn. Rất mong nhận được phản hồi từ bạn.,0,1
tri_t_tien,2,2021-07-22 16:56,,N/A,N/A,0,1
minhminh070398,1,2021-05-19 17:20,,Shop bảo có quà mà lại Không có quà tặng đi kèm,N/A,0,1
tuantuoity_bn.84,1,2022-04-17 11:04,,N/A,"Cảm ơn bạn đã lựa chọn sản phẩm, shop rất mong bạn chia sẻ để cải thiện chất phục vụ. Bạn kiểm tra tin nhắn của shop nhé ^^
LKL",0,1
d*****9,1,2021-08-06 16:39,,N/A,N/A,0,1
